data_date,org_code,elec_type,data_value,trade_code
2019-01-01,32401,1,1528811829,U
2019-01-01,32402,1,990902990,U
2019-01-01,32403,1,900634868,U
2019-01-01,32404,1,681666574,U
2019-01-01,32405,1,1824701310,U
2019-01-01,32406,1,870928267,U
2019-01-01,32407,1,483235412,U
2019-01-01,32408,1,486414970,U
2019-01-01,32409,1,631164277,U
2019-01-01,32410,1,555477721,U
2019-01-01,32411,1,422999462,U
2019-01-01,32412,1,498357684,U
2019-01-01,32413,1,455463497,U
2019-02-01,32401,1,1268874318,U
2019-02-01,32402,1,860754965,U
2019-02-01,32403,1,806850388,U
2019-02-01,32404,1,607111831,U
2019-02-01,32405,1,1517699423,U
2019-02-01,32406,1,856646132,U
2019-02-01,32407,1,457915627,U
2019-02-01,32408,1,475325952,U
2019-02-01,32409,1,636802551,U
2019-02-01,32410,1,540267829,U
2019-02-01,32411,1,388944404,U
2019-02-01,32412,1,515277809,U
2019-02-01,32413,1,427781294,U
2019-03-01,32401,1,909564949,U
2019-03-01,32402,1,611262257,U
2019-03-01,32403,1,496501607,U
2019-03-01,32404,1,414743939,U
2019-03-01,32405,1,1193685623,U
2019-03-01,32406,1,615395516,U
2019-03-01,32407,1,255427647,U
2019-03-01,32408,1,269950353,U
2019-03-01,32409,1,402792533,U
2019-03-01,32410,1,333160049,U
2019-03-01,32411,1,251359265,U
2019-03-01,32412,1,314602046,U
2019-03-01,32413,1,244682926,U
2019-04-01,32401,1,671064086,U
2019-04-01,32402,1,460529360,U
2019-04-01,32403,1,407064459,U
2019-04-01,32404,1,313453624,U
2019-04-01,32405,1,881205149,U
2019-04-01,32406,1,489831951,U
2019-04-01,32407,1,202912457,U
2019-04-01,32408,1,213217459,U
2019-04-01,32409,1,329332507,U
2019-04-01,32410,1,257224266,U
2019-04-01,32411,1,193231102,U
2019-04-01,32412,1,247970496,U
2019-04-01,32413,1,200712839,U
2019-05-01,32401,1,689423477,U
2019-05-01,32402,1,461572738,U
2019-05-01,32403,1,416576186,U
2019-05-01,32404,1,317261354,U
2019-05-01,32405,1,874922234,U
2019-05-01,32406,1,485103699,U
2019-05-01,32407,1,203579557,U
2019-05-01,32408,1,216562022,U
2019-05-01,32409,1,333082488,U
2019-05-01,32410,1,256893206,U
2019-05-01,32411,1,194714853,U
2019-05-01,32412,1,246816148,U
2019-05-01,32413,1,206394883,U
2019-06-01,32401,1,866913951,U
2019-06-01,32402,1,525325920,U
2019-06-01,32403,1,580407183,U
2019-06-01,32404,1,369613159,U
2019-06-01,32405,1,968005343,U
2019-06-01,32406,1,489982681,U
2019-06-01,32407,1,240809323,U
2019-06-01,32408,1,266881371,U
2019-06-01,32409,1,357821503,U
2019-06-01,32410,1,295604101,U
2019-06-01,32411,1,228215439,U
2019-06-01,32412,1,269720849,U
2019-06-01,32413,1,266496464,U
2019-07-01,32401,1,1376738165,U
2019-07-01,32402,1,986322277,U
2019-07-01,32403,1,873444145,U
2019-07-01,32404,1,681149592,U
2019-07-01,32405,1,1747112092,U
2019-07-01,32406,1,830554216,U
2019-07-01,32407,1,407369713,U
2019-07-01,32408,1,451559053,U
2019-07-01,32409,1,603394319,U
2019-07-01,32410,1,513761087,U
2019-07-01,32411,1,403227786,U
2019-07-01,32412,1,472845827,U
2019-07-01,32413,1,449317976,U
2019-08-01,32401,1,1469170826,U
2019-08-01,32402,1,1095103907,U
2019-08-01,32403,1,702653718,U
2019-08-01,32404,1,744272817,U
2019-08-01,32405,1,1998395551,U
2019-08-01,32406,1,902469153,U
2019-08-01,32407,1,376235613,U
2019-08-01,32408,1,422583373,U
2019-08-01,32409,1,605730985,U
2019-08-01,32410,1,525354253,U
2019-08-01,32411,1,433263059,U
2019-08-01,32412,1,500468923,U
2019-08-01,32413,1,404443665,U
2019-09-01,32401,1,822807547,U
2019-09-01,32402,1,560997103,U
2019-09-01,32403,1,481049467,U
2019-09-01,32404,1,378166895,U
2019-09-01,32405,1,1072420687,U
2019-09-01,32406,1,525166436,U
2019-09-01,32407,1,239530259,U
2019-09-01,32408,1,246877649,U
2019-09-01,32409,1,373579473,U
2019-09-01,32410,1,282224049,U
2019-09-01,32411,1,222008175,U
2019-09-01,32412,1,274091489,U
2019-09-01,32413,1,245623281,U
2019-10-01,32401,1,687125926,U
2019-10-01,32402,1,472605048,U
2019-10-01,32403,1,429810417,U
2019-10-01,32404,1,324680923,U
2019-10-01,32405,1,896929550,U
2019-10-01,32406,1,490368585,U
2019-10-01,32407,1,208748351,U
2019-10-01,32408,1,222181433,U
2019-10-01,32409,1,342182473,U
2019-10-01,32410,1,261320521,U
2019-10-01,32411,1,198526271,U
2019-10-01,32412,1,255534932,U
2019-10-01,32413,1,215521470,U
2019-11-01,32401,1,782424587,U
2019-11-01,32402,1,506100093,U
2019-11-01,32403,1,477227136,U
2019-11-01,32404,1,346697181,U
2019-11-01,32405,1,978623777,U
2019-11-01,32406,1,520449392,U
2019-11-01,32407,1,231206403,U
2019-11-01,32408,1,240163248,U
2019-11-01,32409,1,356967804,U
2019-11-01,32410,1,281921976,U
2019-11-01,32411,1,213086116,U
2019-11-01,32412,1,269552319,U
2019-11-01,32413,1,229152447,U
2019-12-01,32401,1,1267956953,U
2019-12-01,32402,1,779152236,U
2019-12-01,32403,1,739025156,U
2019-12-01,32404,1,535673668,U
2019-12-01,32405,1,1486156399,U
2019-12-01,32406,1,722274764,U
2019-12-01,32407,1,375755803,U
2019-12-01,32408,1,367286567,U
2019-12-01,32409,1,502184140,U
2019-12-01,32410,1,434407451,U
2019-12-01,32411,1,330541305,U
2019-12-01,32412,1,394777864,U
2019-12-01,32413,1,347037690,U
2020-01-01,32401,1,1521848262,U
2020-01-01,32402,1,994325041,U
2020-01-01,32403,1,957699192,U
2020-01-01,32404,1,711789925,U
2020-01-01,32405,1,1736203061,U
2020-01-01,32406,1,964983545,U
2020-01-01,32407,1,512048434,U
2020-01-01,32408,1,523881329,U
2020-01-01,32409,1,726708273,U
2020-01-01,32410,1,624709673,U
2020-01-01,32411,1,459068220,U
2020-01-01,32412,1,588132309,U
2020-01-01,32413,1,483200357,U
2020-02-01,32401,1,1024635125,U
2020-02-01,32402,1,729086405,U
2020-02-01,32403,1,728820536,U
2020-02-01,32404,1,504891638,U
2020-02-01,32405,1,1289058244,U
2020-02-01,32406,1,783337269,U
2020-02-01,32407,1,397715464,U
2020-02-01,32408,1,399486372,U
2020-02-01,32409,1,604950962,U
2020-02-01,32410,1,465473484,U
2020-02-01,32411,1,326132495,U
2020-02-01,32412,1,451124462,U
2020-02-01,32413,1,367387785,U
2020-03-01,32401,1,837992755,U
2020-03-01,32402,1,605824999,U
2020-03-01,32403,1,559151862,U
2020-03-01,32404,1,409985609,U
2020-03-01,32405,1,1134603242,U
2020-03-01,32406,1,638867249,U
2020-03-01,32407,1,281423275,U
2020-03-01,32408,1,292140636,U
2020-03-01,32409,1,450733043,U
2020-03-01,32410,1,347340670,U
2020-03-01,32411,1,251331074,U
2020-03-01,32412,1,333794251,U
2020-03-01,32413,1,278373908,U
2020-04-01,32401,1,692951794,U
2020-04-01,32402,1,503599843,U
2020-04-01,32403,1,450016330,U
2020-04-01,32404,1,340721441,U
2020-04-01,32405,1,957360238,U
2020-04-01,32406,1,544983692,U
2020-04-01,32407,1,221913938,U
2020-04-01,32408,1,233266084,U
2020-04-01,32409,1,367425538,U
2020-04-01,32410,1,278502620,U
2020-04-01,32411,1,209319862,U
2020-04-01,32412,1,273990016,U
2020-04-01,32413,1,226504791,U
2020-05-01,32401,1,733599180,U
2020-05-01,32402,1,508672813,U
2020-05-01,32403,1,463897482,U
2020-05-01,32404,1,348354047,U
2020-05-01,32405,1,954974784,U
2020-05-01,32406,1,529685300,U
2020-05-01,32407,1,218444164,U
2020-05-01,32408,1,235479953,U
2020-05-01,32409,1,365626783,U
2020-05-01,32410,1,274693876,U
2020-05-01,32411,1,210806369,U
2020-05-01,32412,1,270115103,U
2020-05-01,32413,1,233651694,U
2020-06-01,32401,1,964888085,U
2020-06-01,32402,1,645341635,U
2020-06-01,32403,1,594952997,U
2020-06-01,32404,1,442946237,U
2020-06-01,32405,1,1212936510,U
2020-06-01,32406,1,592242418,U
2020-06-01,32407,1,264019934,U
2020-06-01,32408,1,301544002,U
2020-06-01,32409,1,430344401,U
2020-06-01,32410,1,333947613,U
2020-06-01,32411,1,264261717,U
2020-06-01,32412,1,321183774,U
2020-06-01,32413,1,300326970,U
2020-07-01,32401,1,977069799,U
2020-07-01,32402,1,739090168,U
2020-07-01,32403,1,606009822,U
2020-07-01,32404,1,485839665,U
2020-07-01,32405,1,1474185336,U
2020-07-01,32406,1,667091784,U
2020-07-01,32407,1,274647597,U
2020-07-01,32408,1,302600898,U
2020-07-01,32409,1,450728956,U
2020-07-01,32410,1,349256310,U
2020-07-01,32411,1,277148697,U
2020-07-01,32412,1,341519111,U
2020-07-01,32413,1,305515240,U
2020-08-01,32401,1,1858565908,U
2020-08-01,32402,1,1514294776,U
2020-08-01,32403,1,1038875932,U
2020-08-01,32404,1,1033035246,U
2020-08-01,32405,1,2705311479,U
2020-08-01,32406,1,1244291764,U
2020-08-01,32407,1,509592155,U
2020-08-01,32408,1,622829297,U
2020-08-01,32409,1,885241537,U
2020-08-01,32410,1,732431973,U
2020-08-01,32411,1,587870756,U
2020-08-01,32412,1,709157633,U
2020-08-01,32413,1,611166840,U
2020-09-01,32401,1,945995768,U
2020-09-01,32402,1,656450807,U
2020-09-01,32403,1,550876815,U
2020-09-01,32404,1,447944552,U
2020-09-01,32405,1,1234159763,U
2020-09-01,32406,1,614604509,U
2020-09-01,32407,1,266863913,U
2020-09-01,32408,1,292625923,U
2020-09-01,32409,1,440722471,U
2020-09-01,32410,1,336102684,U
2020-09-01,32411,1,266224094,U
2020-09-01,32412,1,327367367,U
2020-09-01,32413,1,288620445,U
2020-10-01,32401,1,727274896,U
2020-10-01,32402,1,496342449,U
2020-10-01,32403,1,463994707,U
2020-10-01,32404,1,340814887,U
2020-10-01,32405,1,949233359,U
2020-10-01,32406,1,528794277,U
2020-10-01,32407,1,226480130,U
2020-10-01,32408,1,237892615,U
2020-10-01,32409,1,377669075,U
2020-10-01,32410,1,276300445,U
2020-10-01,32411,1,209644206,U
2020-10-01,32412,1,269495123,U
2020-10-01,32413,1,235253839,U
2020-11-01,32401,1,897586361,U
2020-11-01,32402,1,559316029,U
2020-11-01,32403,1,548656011,U
2020-11-01,32404,1,387633539,U
2020-11-01,32405,1,1071418660,U
2020-11-01,32406,1,568126175,U
2020-11-01,32407,1,264651732,U
2020-11-01,32408,1,275449095,U
2020-11-01,32409,1,406676374,U
2020-11-01,32410,1,317710502,U
2020-11-01,32411,1,241011515,U
2020-11-01,32412,1,296636535,U
2020-11-01,32413,1,266750696,U
2020-12-01,32401,1,1649906181,U
2020-12-01,32402,1,981653333,U
2020-12-01,32403,1,933161418,U
2020-12-01,32404,1,690640265,U
2020-12-01,32405,1,1850018733,U
2020-12-01,32406,1,887462698,U
2020-12-01,32407,1,493165095,U
2020-12-01,32408,1,492848748,U
2020-12-01,32409,1,665746441,U
2020-12-01,32410,1,564988580,U
2020-12-01,32411,1,434312339,U
2020-12-01,32412,1,501123587,U
2020-12-01,32413,1,467748376,U
2021-01-01,32401,1,1685914118,U
2021-01-01,32402,1,1121798502,U
2021-01-01,32403,1,1065024938,U
2021-01-01,32404,1,780509574,U
2021-01-01,32405,1,2114795867,U
2021-01-01,32406,1,1050042487,U
2021-01-01,32407,1,601982923,U
2021-01-01,32408,1,571182088,U
2021-01-01,32409,1,809831440,U
2021-01-01,32410,1,632584160,U
2021-01-01,32411,1,479417923,U
2021-01-01,32412,1,586418570,U
2021-01-01,32413,1,555593641,U
2021-02-01,32401,1,931552031,U
2021-02-01,32402,1,664546782,U
2021-02-01,32403,1,640725529,U
2021-02-01,32404,1,459656640,U
2021-02-01,32405,1,1251405067,U
2021-02-01,32406,1,729060323,U
2021-02-01,32407,1,358712010,U
2021-02-01,32408,1,350329480,U
2021-02-01,32409,1,549767977,U
2021-02-01,32410,1,403109401,U
2021-02-01,32411,1,285347230,U
2021-02-01,32412,1,397753656,U
2021-02-01,32413,1,326819088,U
2021-03-01,32401,1,1049703164,U
2021-03-01,32402,1,692081591,U
2021-03-01,32403,1,607221317,U
2021-03-01,32404,1,473011741,U
2021-03-01,32405,1,1349529169,U
2021-03-01,32406,1,711522315,U
2021-03-01,32407,1,312752437,U
2021-03-01,32408,1,322768648,U
2021-03-01,32409,1,493845161,U
2021-03-01,32410,1,385105544,U
2021-03-01,32411,1,288277385,U
2021-03-01,32412,1,365174309,U
2021-03-01,32413,1,302550153,U
2021-04-01,32401,1,797872347,U
2021-04-01,32402,1,536197891,U
2021-04-01,32403,1,497344813,U
2021-04-01,32404,1,369901394,U
2021-04-01,32405,1,1032744668,U
2021-04-01,32406,1,583770038,U
2021-04-01,32407,1,245108760,U
2021-04-01,32408,1,257740439,U
2021-04-01,32409,1,406395621,U
2021-04-01,32410,1,302152260,U
2021-04-01,32411,1,226592190,U
2021-04-01,32412,1,292594997,U
2021-04-01,32413,1,249916506,U
2021-05-01,32401,1,820154172,U
2021-05-01,32402,1,549978575,U
2021-05-01,32403,1,494742344,U
2021-05-01,32404,1,381556618,U
2021-05-01,32405,1,1062863672,U
2021-05-01,32406,1,580647820,U
2021-05-01,32407,1,239968047,U
2021-05-01,32408,1,254941464,U
2021-05-01,32409,1,407494866,U
2021-05-01,32410,1,299427178,U
2021-05-01,32411,1,228712929,U
2021-05-01,32412,1,292269914,U
2021-05-01,32413,1,251687690,U
2021-06-01,32401,1,1174728977,U
2021-06-01,32402,1,751908578,U
2021-06-01,32403,1,737487097,U
2021-06-01,32404,1,532031643,U
2021-06-01,32405,1,1378615495,U
2021-06-01,32406,1,671129878,U
2021-06-01,32407,1,330944971,U
2021-06-01,32408,1,385227051,U
2021-06-01,32409,1,531103918,U
2021-06-01,32410,1,416581810,U
2021-06-01,32411,1,318464270,U
2021-06-01,32412,1,381554461,U
2021-06-01,32413,1,393394910,U
2021-07-01,32401,1,1543534766,U
2021-07-01,32402,1,1221172218,U
2021-07-01,32403,1,911202930,U
2021-07-01,32404,1,813623528,U
2021-07-01,32405,1,2269629909,U
2021-07-01,32406,1,1047999646,U
2021-07-01,32407,1,450703477,U
2021-07-01,32408,1,495154576,U
2021-07-01,32409,1,725510620,U
2021-07-01,32410,1,565503660,U
2021-07-01,32411,1,453391192,U
2021-07-01,32412,1,556912038,U
2021-07-01,32413,1,496879177,U
2021-08-01,32401,1,1465346453,U
2021-08-01,32402,1,1168931538,U
2021-08-01,32403,1,859240473,U
2021-08-01,32404,1,772521423,U
2021-08-01,32405,1,2232721536,U
2021-08-01,32406,1,1045294380,U
2021-08-01,32407,1,441055362,U
2021-08-01,32408,1,484311883,U
2021-08-01,32409,1,726467860,U
2021-08-01,32410,1,547406621,U
2021-08-01,32411,1,436239829,U
2021-08-01,32412,1,553300801,U
2021-08-01,32413,1,482703465,U
2021-09-01,32401,1,1190288808,U
2021-09-01,32402,1,889156627,U
2021-09-01,32403,1,565651730,U
2021-09-01,32404,1,606861776,U
2021-09-01,32405,1,1674879726,U
2021-09-01,32406,1,815615523,U
2021-09-01,32407,1,305391591,U
2021-09-01,32408,1,350048445,U
2021-09-01,32409,1,505770440,U
2021-09-01,32410,1,401169038,U
2021-09-01,32411,1,343055654,U
2021-09-01,32412,1,409728616,U
2021-09-01,32413,1,318844586,U
2021-10-01,32401,1,921431028,U
2021-10-01,32402,1,661296821,U
2021-10-01,32403,1,540796707,U
2021-10-01,32404,1,452005359,U
2021-10-01,32405,1,1273793162,U
2021-10-01,32406,1,657232112,U
2021-10-01,32407,1,265707339,U
2021-10-01,32408,1,286042916,U
2021-10-01,32409,1,444908243,U
2021-10-01,32410,1,335330443,U
2021-10-01,32411,1,264047655,U
2021-10-01,32412,1,335548668,U
2021-10-01,32413,1,281796354,U
2021-11-01,32401,1,930692128,U
2021-11-01,32402,1,611339141,U
2021-11-01,32403,1,600365652,U
2021-11-01,32404,1,421287484,U
2021-11-01,32405,1,1201534932,U
2021-11-01,32406,1,630223551,U
2021-11-01,32407,1,283779330,U
2021-11-01,32408,1,291172653,U
2021-11-01,32409,1,445208159,U
2021-11-01,32410,1,332873452,U
2021-11-01,32411,1,253477759,U
2021-11-01,32412,1,319868731,U
2021-11-01,32413,1,284097668,U
2021-12-01,32401,1,1377439491,U
2021-12-01,32402,1,875118163,U
2021-12-01,32403,1,865464458,U
2021-12-01,32404,1,603080626,U
2021-12-01,32405,1,1723085183,U
2021-12-01,32406,1,844570826,U
2021-12-01,32407,1,438939098,U
2021-12-01,32408,1,430307584,U
2021-12-01,32409,1,614690859,U
2021-12-01,32410,1,481387358,U
2021-12-01,32411,1,366809363,U
2021-12-01,32412,1,446651890,U
2021-12-01,32413,1,415718788,U
2022-01-01,32401,1,1646802399,U
2022-01-01,32402,1,1131059004,U
2022-01-01,32403,1,1120689738,U
2022-01-01,32404,1,789959701,U
2022-01-01,32405,1,2108809649,U
2022-01-01,32406,1,1079244786,U
2022-01-01,32407,1,609947989,U
2022-01-01,32408,1,587743585,U
2022-01-01,32409,1,839984609,U
2022-01-01,32410,1,650055672,U
2022-01-01,32411,1,486604505,U
2022-01-01,32412,1,613980732,U
2022-01-01,32413,1,577352561,U
2022-02-01,32401,1,1520834347,U
2022-02-01,32402,1,1075632537,U
2022-02-01,32403,1,935183700,U
2022-02-01,32404,1,748882022,U
2022-02-01,32405,1,2003341004,U
2022-02-01,32406,1,1028834229,U
2022-02-01,32407,1,508969669,U
2022-02-01,32408,1,514851160,U
2022-02-01,32409,1,748489057,U
2022-02-01,32410,1,597099648,U
2022-02-01,32411,1,455732564,U
2022-02-01,32412,1,579900190,U
2022-02-01,32413,1,486461647,U
2022-03-01,32401,1,998436074,U
2022-03-01,32402,1,684586670,U
2022-03-01,32403,1,654224389,U
2022-03-01,32404,1,469113433,U
2022-03-01,32405,1,1310183079,U
2022-03-01,32406,1,730911296,U
2022-03-01,32407,1,322929880,U
2022-03-01,32408,1,331082943,U
2022-03-01,32409,1,521057450,U
2022-03-01,32410,1,378552651,U
2022-03-01,32411,1,280352237,U
2022-03-01,32412,1,369259569,U
2022-03-01,32413,1,320280284,U
2022-04-01,32401,1,829937192,U
2022-04-01,32402,1,575514678,U
2022-04-01,32403,1,510230813,U
2022-04-01,32404,1,395771455,U
2022-04-01,32405,1,1091686087,U
2022-04-01,32406,1,613496188,U
2022-04-01,32407,1,251872057,U
2022-04-01,32408,1,267960975,U
2022-04-01,32409,1,428438157,U
2022-04-01,32410,1,308505159,U
2022-04-01,32411,1,231799849,U
2022-04-01,32412,1,304568851,U
2022-04-01,32413,1,263213906,U
2022-05-01,32401,1,854451444,U
2022-05-01,32402,1,571751445,U
2022-05-01,32403,1,546652429,U
2022-05-01,32404,1,400775508,U
2022-05-01,32405,1,1071002705,U
2022-05-01,32406,1,609465530,U
2022-05-01,32407,1,266995336,U
2022-05-01,32408,1,276010799,U
2022-05-01,32409,1,433250696,U
2022-05-01,32410,1,308792731,U
2022-05-01,32411,1,235133258,U
2022-05-01,32412,1,302978747,U
2022-05-01,32413,1,278628337,U
2019-01-01,32401,2,25971512,U
2019-01-01,32402,2,11178933,U
2019-01-01,32403,2,47777881,U
2019-01-01,32404,2,17336052,U
2019-01-01,32405,2,18898276,U
2019-01-01,32406,2,45359264,U
2019-01-01,32407,2,38015935,U
2019-01-01,32408,2,29746416,U
2019-01-01,32409,2,63067580,U
2019-01-01,32410,2,22749511,U
2019-01-01,32411,2,11450373,U
2019-01-01,32412,2,26898237,U
2019-01-01,32413,2,36068147,U
2019-02-01,32401,2,20446108,U
2019-02-01,32402,2,7579295,U
2019-02-01,32403,2,38332604,U
2019-02-01,32404,2,12492893,U
2019-02-01,32405,2,14597302,U
2019-02-01,32406,2,41712014,U
2019-02-01,32407,2,36514934,U
2019-02-01,32408,2,23193818,U
2019-02-01,32409,2,54173897,U
2019-02-01,32410,2,16735163,U
2019-02-01,32411,2,8178321,U
2019-02-01,32412,2,20196679,U
2019-02-01,32413,2,29502492,U
2019-03-01,32401,2,27200006,U
2019-03-01,32402,2,7980713,U
2019-03-01,32403,2,37792143,U
2019-03-01,32404,2,13205918,U
2019-03-01,32405,2,15786245,U
2019-03-01,32406,2,54007670,U
2019-03-01,32407,2,34929161,U
2019-03-01,32408,2,25060749,U
2019-03-01,32409,2,57851046,U
2019-03-01,32410,2,24652137,U
2019-03-01,32411,2,8634601,U
2019-03-01,32412,2,23737736,U
2019-03-01,32413,2,29607962,U
2019-04-01,32401,2,19820523,U
2019-04-01,32402,2,10518193,U
2019-04-01,32403,2,41233300,U
2019-04-01,32404,2,16645561,U
2019-04-01,32405,2,17529001,U
2019-04-01,32406,2,60964166,U
2019-04-01,32407,2,40343608,U
2019-04-01,32408,2,25326189,U
2019-04-01,32409,2,66721337,U
2019-04-01,32410,2,29453958,U
2019-04-01,32411,2,8894644,U
2019-04-01,32412,2,24477598,U
2019-04-01,32413,2,32233587,U
2019-05-01,32401,2,25262830,U
2019-05-01,32402,2,15388567,U
2019-05-01,32403,2,57175828,U
2019-05-01,32404,2,23873427,U
2019-05-01,32405,2,24367953,U
2019-05-01,32406,2,75813357,U
2019-05-01,32407,2,60769874,U
2019-05-01,32408,2,40411571,U
2019-05-01,32409,2,98973248,U
2019-05-01,32410,2,46007163,U
2019-05-01,32411,2,12256062,U
2019-05-01,32412,2,32748218,U
2019-05-01,32413,2,47753329,U
2019-06-01,32401,2,31159697,U
2019-06-01,32402,2,22215793,U
2019-06-01,32403,2,73909982,U
2019-06-01,32404,2,29988687,U
2019-06-01,32405,2,39400600,U
2019-06-01,32406,2,84010593,U
2019-06-01,32407,2,70995472,U
2019-06-01,32408,2,62317981,U
2019-06-01,32409,2,110596065,U
2019-06-01,32410,2,82845608,U
2019-06-01,32411,2,15635080,U
2019-06-01,32412,2,47696287,U
2019-06-01,32413,2,55929261,U
2019-07-01,32401,2,42151570,U
2019-07-01,32402,2,33000948,U
2019-07-01,32403,2,92816308,U
2019-07-01,32404,2,43292978,U
2019-07-01,32405,2,45996215,U
2019-07-01,32406,2,88489719,U
2019-07-01,32407,2,106069139,U
2019-07-01,32408,2,80115471,U
2019-07-01,32409,2,144987173,U
2019-07-01,32410,2,105919021,U
2019-07-01,32411,2,22631449,U
2019-07-01,32412,2,67578968,U
2019-07-01,32413,2,96194252,U
2019-08-01,32401,2,47508643,U
2019-08-01,32402,2,38102883,U
2019-08-01,32403,2,78159020,U
2019-08-01,32404,2,49809386,U
2019-08-01,32405,2,50044186,U
2019-08-01,32406,2,109265448,U
2019-08-01,32407,2,93417101,U
2019-08-01,32408,2,78509211,U
2019-08-01,32409,2,151261125,U
2019-08-01,32410,2,100211866,U
2019-08-01,32411,2,21642486,U
2019-08-01,32412,2,68024899,U
2019-08-01,32413,2,72634877,U
2019-09-01,32401,2,35518097,U
2019-09-01,32402,2,31212504,U
2019-09-01,32403,2,69799422,U
2019-09-01,32404,2,39940882,U
2019-09-01,32405,2,40028479,U
2019-09-01,32406,2,94008724,U
2019-09-01,32407,2,80254891,U
2019-09-01,32408,2,54017126,U
2019-09-01,32409,2,141087139,U
2019-09-01,32410,2,79014081,U
2019-09-01,32411,2,16324924,U
2019-09-01,32412,2,59580410,U
2019-09-01,32413,2,66112107,U
2019-10-01,32401,2,29435026,U
2019-10-01,32402,2,24179176,U
2019-10-01,32403,2,62411472,U
2019-10-01,32404,2,34350486,U
2019-10-01,32405,2,30776731,U
2019-10-01,32406,2,86078315,U
2019-10-01,32407,2,55855823,U
2019-10-01,32408,2,45454039,U
2019-10-01,32409,2,95679336,U
2019-10-01,32410,2,67332677,U
2019-10-01,32411,2,13229560,U
2019-10-01,32412,2,42797695,U
2019-10-01,32413,2,42297621,U
2019-11-01,32401,2,25869902,U
2019-11-01,32402,2,15210519,U
2019-11-01,32403,2,46546189,U
2019-11-01,32404,2,21843182,U
2019-11-01,32405,2,27146231,U
2019-11-01,32406,2,72178863,U
2019-11-01,32407,2,46021150,U
2019-11-01,32408,2,46260188,U
2019-11-01,32409,2,76352384,U
2019-11-01,32410,2,61964543,U
2019-11-01,32411,2,11918380,U
2019-11-01,32412,2,38527266,U
2019-11-01,32413,2,37820641,U
2019-12-01,32401,2,25144918,U
2019-12-01,32402,2,11391159,U
2019-12-01,32403,2,52847607,U
2019-12-01,32404,2,16421809,U
2019-12-01,32405,2,21910808,U
2019-12-01,32406,2,54894375,U
2019-12-01,32407,2,46620675,U
2019-12-01,32408,2,43340361,U
2019-12-01,32409,2,62293771,U
2019-12-01,32410,2,51595184,U
2019-12-01,32411,2,10953483,U
2019-12-01,32412,2,29477022,U
2019-12-01,32413,2,38656008,U
2020-01-01,32401,2,22867325,U
2020-01-01,32402,2,10591553,U
2020-01-01,32403,2,48528182,U
2020-01-01,32404,2,15938868,U
2020-01-01,32405,2,19218471,U
2020-01-01,32406,2,44962232,U
2020-01-01,32407,2,45654799,U
2020-01-01,32408,2,39930537,U
2020-01-01,32409,2,56759642,U
2020-01-01,32410,2,46187348,U
2020-01-01,32411,2,10486879,U
2020-01-01,32412,2,23485348,U
2020-01-01,32413,2,35795930,U
2020-02-01,32401,2,17733985,U
2020-02-01,32402,2,7142911,U
2020-02-01,32403,2,37843679,U
2020-02-01,32404,2,11060102,U
2020-02-01,32405,2,13248855,U
2020-02-01,32406,2,45331650,U
2020-02-01,32407,2,38521211,U
2020-02-01,32408,2,28344131,U
2020-02-01,32409,2,51311605,U
2020-02-01,32410,2,20007908,U
2020-02-01,32411,2,8417929,U
2020-02-01,32412,2,19809969,U
2020-02-01,32413,2,30721011,U
2020-03-01,32401,2,20688878,U
2020-03-01,32402,2,8930377,U
2020-03-01,32403,2,48466848,U
2020-03-01,32404,2,14232152,U
2020-03-01,32405,2,17070909,U
2020-03-01,32406,2,62749931,U
2020-03-01,32407,2,48042038,U
2020-03-01,32408,2,28309514,U
2020-03-01,32409,2,66895938,U
2020-03-01,32410,2,32623605,U
2020-03-01,32411,2,9548568,U
2020-03-01,32412,2,25627348,U
2020-03-01,32413,2,38082744,U
2020-04-01,32401,2,21289416,U
2020-04-01,32402,2,10380622,U
2020-04-01,32403,2,50817199,U
2020-04-01,32404,2,16962775,U
2020-04-01,32405,2,18449791,U
2020-04-01,32406,2,68462786,U
2020-04-01,32407,2,46422510,U
2020-04-01,32408,2,33597467,U
2020-04-01,32409,2,81365525,U
2020-04-01,32410,2,46014894,U
2020-04-01,32411,2,9383152,U
2020-04-01,32412,2,28220394,U
2020-04-01,32413,2,40917203,U
2020-05-01,32401,2,28658297,U
2020-05-01,32402,2,20476538,U
2020-05-01,32403,2,60224080,U
2020-05-01,32404,2,28728131,U
2020-05-01,32405,2,30588012,U
2020-05-01,32406,2,77877297,U
2020-05-01,32407,2,63065310,U
2020-05-01,32408,2,53039732,U
2020-05-01,32409,2,100699268,U
2020-05-01,32410,2,66281562,U
2020-05-01,32411,2,12469489,U
2020-05-01,32412,2,39610778,U
2020-05-01,32413,2,53069218,U
2020-06-01,32401,2,36833539,U
2020-06-01,32402,2,26693053,U
2020-06-01,32403,2,75766457,U
2020-06-01,32404,2,34777577,U
2020-06-01,32405,2,40092603,U
2020-06-01,32406,2,83398516,U
2020-06-01,32407,2,85032344,U
2020-06-01,32408,2,72442612,U
2020-06-01,32409,2,137034390,U
2020-06-01,32410,2,82062365,U
2020-06-01,32411,2,19355027,U
2020-06-01,32412,2,59918941,U
2020-06-01,32413,2,67767345,U
2020-07-01,32401,2,39588949,U
2020-07-01,32402,2,31117308,U
2020-07-01,32403,2,78852074,U
2020-07-01,32404,2,37897657,U
2020-07-01,32405,2,44619885,U
2020-07-01,32406,2,77676795,U
2020-07-01,32407,2,91932104,U
2020-07-01,32408,2,58855103,U
2020-07-01,32409,2,144921995,U
2020-07-01,32410,2,73830901,U
2020-07-01,32411,2,22129790,U
2020-07-01,32412,2,67911450,U
2020-07-01,32413,2,63479185,U
2020-08-01,32401,2,50067409,U
2020-08-01,32402,2,48476664,U
2020-08-01,32403,2,98178831,U
2020-08-01,32404,2,62226769,U
2020-08-01,32405,2,61084031,U
2020-08-01,32406,2,130047749,U
2020-08-01,32407,2,114987923,U
2020-08-01,32408,2,83287502,U
2020-08-01,32409,2,223453075,U
2020-08-01,32410,2,90890711,U
2020-08-01,32411,2,33429119,U
2020-08-01,32412,2,98116453,U
2020-08-01,32413,2,92586484,U
2020-09-01,32401,2,35201075,U
2020-09-01,32402,2,35791354,U
2020-09-01,32403,2,78340995,U
2020-09-01,32404,2,44494732,U
2020-09-01,32405,2,45210800,U
2020-09-01,32406,2,110196570,U
2020-09-01,32407,2,91871170,U
2020-09-01,32408,2,59572409,U
2020-09-01,32409,2,174526424,U
2020-09-01,32410,2,66443614,U
2020-09-01,32411,2,21188549,U
2020-09-01,32412,2,71508826,U
2020-09-01,32413,2,75125652,U
2020-10-01,32401,2,28211724,U
2020-10-01,32402,2,22865462,U
2020-10-01,32403,2,61062198,U
2020-10-01,32404,2,28326059,U
2020-10-01,32405,2,31896917,U
2020-10-01,32406,2,94747564,U
2020-10-01,32407,2,65545458,U
2020-10-01,32408,2,41676855,U
2020-10-01,32409,2,126722868,U
2020-10-01,32410,2,37809033,U
2020-10-01,32411,2,14602737,U
2020-10-01,32412,2,48005582,U
2020-10-01,32413,2,50333440,U
2020-11-01,32401,2,27872533,U
2020-11-01,32402,2,17074433,U
2020-11-01,32403,2,58799576,U
2020-11-01,32404,2,22108909,U
2020-11-01,32405,2,27923442,U
2020-11-01,32406,2,87605593,U
2020-11-01,32407,2,58391710,U
2020-11-01,32408,2,38233745,U
2020-11-01,32409,2,102217191,U
2020-11-01,32410,2,38033986,U
2020-11-01,32411,2,17223794,U
2020-11-01,32412,2,43775406,U
2020-11-01,32413,2,42885930,U
2020-12-01,32401,2,29756163,U
2020-12-01,32402,2,15336592,U
2020-12-01,32403,2,64206280,U
2020-12-01,32404,2,18978045,U
2020-12-01,32405,2,22418570,U
2020-12-01,32406,2,67705407,U
2020-12-01,32407,2,69936234,U
2020-12-01,32408,2,38973911,U
2020-12-01,32409,2,85213167,U
2020-12-01,32410,2,33279531,U
2020-12-01,32411,2,18102101,U
2020-12-01,32412,2,36308124,U
2020-12-01,32413,2,46089391,U
2021-01-01,32401,2,28568450,U
2021-01-01,32402,2,15447554,U
2021-01-01,32403,2,69443864,U
2021-01-01,32404,2,19675098,U
2021-01-01,32405,2,23767233,U
2021-01-01,32406,2,61075884,U
2021-01-01,32407,2,72227221,U
2021-01-01,32408,2,39552361,U
2021-01-01,32409,2,88608423,U
2021-01-01,32410,2,30115469,U
2021-01-01,32411,2,16640803,U
2021-01-01,32412,2,33832948,U
2021-01-01,32413,2,47863737,U
2021-02-01,32401,2,18107331,U
2021-02-01,32402,2,9363544,U
2021-02-01,32403,2,47128941,U
2021-02-01,32404,2,12528512,U
2021-02-01,32405,2,15423266,U
2021-02-01,32406,2,53966506,U
2021-02-01,32407,2,58168133,U
2021-02-01,32408,2,30633089,U
2021-02-01,32409,2,66618510,U
2021-02-01,32410,2,18608845,U
2021-02-01,32411,2,10170153,U
2021-02-01,32412,2,23465636,U
2021-02-01,32413,2,35577799,U
2021-03-01,32401,2,22985163,U
2021-03-01,32402,2,10952934,U
2021-03-01,32403,2,55221411,U
2021-03-01,32404,2,15467055,U
2021-03-01,32405,2,20132291,U
2021-03-01,32406,2,81940011,U
2021-03-01,32407,2,69334541,U
2021-03-01,32408,2,35898683,U
2021-03-01,32409,2,94680095,U
2021-03-01,32410,2,29536500,U
2021-03-01,32411,2,13054229,U
2021-03-01,32412,2,33703480,U
2021-03-01,32413,2,45558697,U
2021-04-01,32401,2,22825937,U
2021-04-01,32402,2,13110673,U
2021-04-01,32403,2,57199711,U
2021-04-01,32404,2,18946726,U
2021-04-01,32405,2,20340850,U
2021-04-01,32406,2,89138396,U
2021-04-01,32407,2,64599582,U
2021-04-01,32408,2,39563593,U
2021-04-01,32409,2,109155247,U
2021-04-01,32410,2,35116437,U
2021-04-01,32411,2,13692615,U
2021-04-01,32412,2,33311221,U
2021-04-01,32413,2,46113121,U
2021-05-01,32401,2,28984644,U
2021-05-01,32402,2,21647726,U
2021-05-01,32403,2,64701534,U
2021-05-01,32404,2,29517793,U
2021-05-01,32405,2,33217467,U
2021-05-01,32406,2,98408698,U
2021-05-01,32407,2,74453581,U
2021-05-01,32408,2,48466467,U
2021-05-01,32409,2,135807597,U
2021-05-01,32410,2,39498351,U
2021-05-01,32411,2,17149417,U
2021-05-01,32412,2,47467578,U
2021-05-01,32413,2,56773278,U
2021-06-01,32401,2,38918801,U
2021-06-01,32402,2,33087655,U
2021-06-01,32403,2,94663648,U
2021-06-01,32404,2,42241398,U
2021-06-01,32405,2,45631703,U
2021-06-01,32406,2,115013607,U
2021-06-01,32407,2,111333264,U
2021-06-01,32408,2,87871737,U
2021-06-01,32409,2,206241473,U
2021-06-01,32410,2,78172958,U
2021-06-01,32411,2,25910604,U
2021-06-01,32412,2,80835638,U
2021-06-01,32413,2,92996488,U
2021-07-01,32401,2,47902484,U
2021-07-01,32402,2,41241194,U
2021-07-01,32403,2,102171567,U
2021-07-01,32404,2,50580191,U
2021-07-01,32405,2,56304889,U
2021-07-01,32406,2,113811674,U
2021-07-01,32407,2,122992660,U
2021-07-01,32408,2,84903614,U
2021-07-01,32409,2,214640019,U
2021-07-01,32410,2,102965275,U
2021-07-01,32411,2,32226528,U
2021-07-01,32412,2,97038163,U
2021-07-01,32413,2,91081835,U
2021-08-01,32401,2,49487591,U
2021-08-01,32402,2,46814492,U
2021-08-01,32403,2,109099919,U
2021-08-01,32404,2,56461255,U
2021-08-01,32405,2,62091247,U
2021-08-01,32406,2,140833549,U
2021-08-01,32407,2,127461383,U
2021-08-01,32408,2,93406864,U
2021-08-01,32409,2,249020472,U
2021-08-01,32410,2,98986126,U
2021-08-01,32411,2,30028837,U
2021-08-01,32412,2,108081460,U
2021-08-01,32413,2,98643630,U
2021-09-01,32401,2,47754972,U
2021-09-01,32402,2,44547142,U
2021-09-01,32403,2,84909135,U
2021-09-01,32404,2,56575782,U
2021-09-01,32405,2,56016876,U
2021-09-01,32406,2,142933338,U
2021-09-01,32407,2,103770387,U
2021-09-01,32408,2,74993405,U
2021-09-01,32409,2,213561633,U
2021-09-01,32410,2,73894995,U
2021-09-01,32411,2,29856578,U
2021-09-01,32412,2,90207962,U
2021-09-01,32413,2,81466429,U
2021-10-01,32401,2,38374991,U
2021-10-01,32402,2,31938199,U
2021-10-01,32403,2,71532579,U
2021-10-01,32404,2,41404858,U
2021-10-01,32405,2,43754312,U
2021-10-01,32406,2,126130392,U
2021-10-01,32407,2,80337768,U
2021-10-01,32408,2,54476022,U
2021-10-01,32409,2,168378543,U
2021-10-01,32410,2,46904077,U
2021-10-01,32411,2,21209429,U
2021-10-01,32412,2,67997538,U
2021-10-01,32413,2,60332131,U
2021-11-01,32401,2,30756786,U
2021-11-01,32402,2,19000410,U
2021-11-01,32403,2,66245515,U
2021-11-01,32404,2,24410572,U
2021-11-01,32405,2,32650632,U
2021-11-01,32406,2,110031301,U
2021-11-01,32407,2,66974347,U
2021-11-01,32408,2,46753042,U
2021-11-01,32409,2,127623412,U
2021-11-01,32410,2,34258689,U
2021-11-01,32411,2,18678249,U
2021-11-01,32412,2,52879494,U
2021-11-01,32413,2,49326148,U
2021-12-01,32401,2,29166914,U
2021-12-01,32402,2,17303837,U
2021-12-01,32403,2,72380297,U
2021-12-01,32404,2,21626096,U
2021-12-01,32405,2,28252367,U
2021-12-01,32406,2,99731790,U
2021-12-01,32407,2,79384332,U
2021-12-01,32408,2,47363636,U
2021-12-01,32409,2,107093039,U
2021-12-01,32410,2,29187821,U
2021-12-01,32411,2,21011589,U
2021-12-01,32412,2,45514651,U
2021-12-01,32413,2,52859656,U
2022-01-01,32401,2,28539352,U
2022-01-01,32402,2,16920004,U
2022-01-01,32403,2,73177444,U
2022-01-01,32404,2,20947625,U
2022-01-01,32405,2,26939949,U
2022-01-01,32406,2,84443715,U
2022-01-01,32407,2,81580871,U
2022-01-01,32408,2,44820846,U
2022-01-01,32409,2,99739454,U
2022-01-01,32410,2,26512780,U
2022-01-01,32411,2,19891158,U
2022-01-01,32412,2,34007452,U
2022-01-01,32413,2,49828466,U
2022-02-01,32401,2,23798000,U
2022-02-01,32402,2,12509221,U
2022-02-01,32403,2,63105386,U
2022-02-01,32404,2,16636898,U
2022-02-01,32405,2,20098227,U
2022-02-01,32406,2,74735288,U
2022-02-01,32407,2,70712303,U
2022-02-01,32408,2,36736570,U
2022-02-01,32409,2,86853037,U
2022-02-01,32410,2,23334765,U
2022-02-01,32411,2,14553357,U
2022-02-01,32412,2,30884856,U
2022-02-01,32413,2,44330187,U
2022-03-01,32401,2,27717217,U
2022-03-01,32402,2,12887610,U
2022-03-01,32403,2,67550853,U
2022-03-01,32404,2,18212535,U
2022-03-01,32405,2,23433329,U
2022-03-01,32406,2,97484095,U
2022-03-01,32407,2,72016004,U
2022-03-01,32408,2,42669545,U
2022-03-01,32409,2,115460092,U
2022-03-01,32410,2,34358627,U
2022-03-01,32411,2,15914928,U
2022-03-01,32412,2,37055088,U
2022-03-01,32413,2,51156926,U
2022-04-01,32401,2,26715577,U
2022-04-01,32402,2,13781973,U
2022-04-01,32403,2,67963761,U
2022-04-01,32404,2,21636444,U
2022-04-01,32405,2,23449310,U
2022-04-01,32406,2,103922511,U
2022-04-01,32407,2,68433114,U
2022-04-01,32408,2,44079100,U
2022-04-01,32409,2,128755768,U
2022-04-01,32410,2,40030959,U
2022-04-01,32411,2,16421750,U
2022-04-01,32412,2,37320912,U
2022-04-01,32413,2,55480639,U
2022-05-01,32401,2,34100284,U
2022-05-01,32402,2,21860577,U
2022-05-01,32403,2,91408457,U
2022-05-01,32404,2,33071352,U
2022-05-01,32405,2,36397167,U
2022-05-01,32406,2,123664779,U
2022-05-01,32407,2,92484910,U
2022-05-01,32408,2,70156158,U
2022-05-01,32409,2,166897552,U
2022-05-01,32410,2,65249399,U
2022-05-01,32411,2,20531885,U
2022-05-01,32412,2,57030246,U
2022-05-01,32413,2,83695074,U
2019-01-01,32401,3,2558036753,U
2019-01-01,32402,3,2880132080,U
2019-01-01,32403,3,879483130,U
2019-01-01,32404,3,2314461438,U
2019-01-01,32405,3,7285546875,U
2019-01-01,32406,3,1593918397,U
2019-01-01,32407,3,544880199,U
2019-01-01,32408,3,664472679,U
2019-01-01,32409,3,1433166725,U
2019-01-01,32410,3,1080124868,U
2019-01-01,32411,3,859233857,U
2019-01-01,32412,3,1411008229,U
2019-01-01,32413,3,834612603,U
2019-02-01,32401,3,2548157929,U
2019-02-01,32402,3,2237718484,U
2019-02-01,32403,3,738063289,U
2019-02-01,32404,3,1710955274,U
2019-02-01,32405,3,5873981492,U
2019-02-01,32406,3,1138438650,U
2019-02-01,32407,3,519008356,U
2019-02-01,32408,3,550564943,U
2019-02-01,32409,3,1245915938,U
2019-02-01,32410,3,884253038,U
2019-02-01,32411,3,655053644,U
2019-02-01,32412,3,1131714247,U
2019-02-01,32413,3,650374099,U
2019-03-01,32401,3,2727759250,U
2019-03-01,32402,3,3326391696,U
2019-03-01,32403,3,935143079,U
2019-03-01,32404,3,2508599642,U
2019-03-01,32405,3,8159675653,U
2019-03-01,32406,3,1745192977,U
2019-03-01,32407,3,548165569,U
2019-03-01,32408,3,727027335,U
2019-03-01,32409,3,1573762271,U
2019-03-01,32410,3,1127646361,U
2019-03-01,32411,3,918655243,U
2019-03-01,32412,3,1521170117,U
2019-03-01,32413,3,937976239,U
2019-04-01,32401,3,2383088151,U
2019-04-01,32402,3,3285705565,U
2019-04-01,32403,3,1049895683,U
2019-04-01,32404,3,2505224664,U
2019-04-01,32405,3,7953078968,U
2019-04-01,32406,3,1721079484,U
2019-04-01,32407,3,545163520,U
2019-04-01,32408,3,729800170,U
2019-04-01,32409,3,1417115361,U
2019-04-01,32410,3,1128647880,U
2019-04-01,32411,3,961468313,U
2019-04-01,32412,3,1512525653,U
2019-04-01,32413,3,927771512,U
2019-05-01,32401,3,2590461717,U
2019-05-01,32402,3,3373719752,U
2019-05-01,32403,3,1166050486,U
2019-05-01,32404,3,2662166394,U
2019-05-01,32405,3,8326681892,U
2019-05-01,32406,3,1749768088,U
2019-05-01,32407,3,579608636,U
2019-05-01,32408,3,742354133,U
2019-05-01,32409,3,1467460318,U
2019-05-01,32410,3,1179463335,U
2019-05-01,32411,3,1064705439,U
2019-05-01,32412,3,1589596837,U
2019-05-01,32413,3,956289220,U
2019-06-01,32401,3,2772420763,U
2019-06-01,32402,3,3332332956,U
2019-06-01,32403,3,1122148584,U
2019-06-01,32404,3,2562115883,U
2019-06-01,32405,3,8367016012,U
2019-06-01,32406,3,1708379835,U
2019-06-01,32407,3,563677504,U
2019-06-01,32408,3,716613128,U
2019-06-01,32409,3,1392374233,U
2019-06-01,32410,3,1189335950,U
2019-06-01,32411,3,973183631,U
2019-06-01,32412,3,1519489390,U
2019-06-01,32413,3,936236261,U
2019-07-01,32401,3,3163187361,U
2019-07-01,32402,3,3697791228,U
2019-07-01,32403,3,1201221366,U
2019-07-01,32404,3,2812789659,U
2019-07-01,32405,3,9235163908,U
2019-07-01,32406,3,1864131443,U
2019-07-01,32407,3,630870852,U
2019-07-01,32408,3,790518933,U
2019-07-01,32409,3,1537764087,U
2019-07-01,32410,3,1299410766,U
2019-07-01,32411,3,1050646226,U
2019-07-01,32412,3,1663476027,U
2019-07-01,32413,3,1062490298,U
2019-08-01,32401,3,3213870574,U
2019-08-01,32402,3,3746428370,U
2019-08-01,32403,3,1221131264,U
2019-08-01,32404,3,2879887367,U
2019-08-01,32405,3,9538503342,U
2019-08-01,32406,3,1926613109,U
2019-08-01,32407,3,617206362,U
2019-08-01,32408,3,831875810,U
2019-08-01,32409,3,1641173490,U
2019-08-01,32410,3,1282320640,U
2019-08-01,32411,3,1021712205,U
2019-08-01,32412,3,1661016820,U
2019-08-01,32413,3,1054992241,U
2019-09-01,32401,3,2867851960,U
2019-09-01,32402,3,3445558585,U
2019-09-01,32403,3,1166562771,U
2019-09-01,32404,3,2678085385,U
2019-09-01,32405,3,8767635387,U
2019-09-01,32406,3,1811445148,U
2019-09-01,32407,3,577538542,U
2019-09-01,32408,3,760930821,U
2019-09-01,32409,3,1626367339,U
2019-09-01,32410,3,1216431378,U
2019-09-01,32411,3,964299878,U
2019-09-01,32412,3,1599949656,U
2019-09-01,32413,3,1008841192,U
2019-10-01,32401,3,2735942596,U
2019-10-01,32402,3,3338787055,U
2019-10-01,32403,3,1207008473,U
2019-10-01,32404,3,2655533013,U
2019-10-01,32405,3,8268513351,U
2019-10-01,32406,3,1755668378,U
2019-10-01,32407,3,585450639,U
2019-10-01,32408,3,754984541,U
2019-10-01,32409,3,1587871376,U
2019-10-01,32410,3,1206718257,U
2019-10-01,32411,3,941155453,U
2019-10-01,32412,3,1566467278,U
2019-10-01,32413,3,1024610041,U
2019-11-01,32401,3,2705010642,U
2019-11-01,32402,3,3328360011,U
2019-11-01,32403,3,1131631006,U
2019-11-01,32404,3,2638465172,U
2019-11-01,32405,3,8349253028,U
2019-11-01,32406,3,1796838051,U
2019-11-01,32407,3,593090032,U
2019-11-01,32408,3,776835503,U
2019-11-01,32409,3,1612153127,U
2019-11-01,32410,3,1217817551,U
2019-11-01,32411,3,981205639,U
2019-11-01,32412,3,1552804210,U
2019-11-01,32413,3,1046253151,U
2019-12-01,32401,3,2923122066,U
2019-12-01,32402,3,3467878517,U
2019-12-01,32403,3,1127206995,U
2019-12-01,32404,3,2824357342,U
2019-12-01,32405,3,8799647737,U
2019-12-01,32406,3,1946653812,U
2019-12-01,32407,3,628445824,U
2019-12-01,32408,3,828454254,U
2019-12-01,32409,3,1699023611,U
2019-12-01,32410,3,1269281580,U
2019-12-01,32411,3,1077525418,U
2019-12-01,32412,3,1676905646,U
2019-12-01,32413,3,1117911068,U
2020-01-01,32401,3,2713737670,U
2020-01-01,32402,3,2536528111,U
2020-01-01,32403,3,937600143,U
2020-01-01,32404,3,1994236111,U
2020-01-01,32405,3,6582255437,U
2020-01-01,32406,3,1311663084,U
2020-01-01,32407,3,559367548,U
2020-01-01,32408,3,599058233,U
2020-01-01,32409,3,1340053388,U
2020-01-01,32410,3,974006648,U
2020-01-01,32411,3,676306166,U
2020-01-01,32412,3,1204892421,U
2020-01-01,32413,3,773803506,U
2020-02-01,32401,3,1941292225,U
2020-02-01,32402,3,1586183472,U
2020-02-01,32403,3,559816220,U
2020-02-01,32404,3,1105008587,U
2020-02-01,32405,3,4186198669,U
2020-02-01,32406,3,767579683,U
2020-02-01,32407,3,391452632,U
2020-02-01,32408,3,367560486,U
2020-02-01,32409,3,952879173,U
2020-02-01,32410,3,598860218,U
2020-02-01,32411,3,413529941,U
2020-02-01,32412,3,757331882,U
2020-02-01,32413,3,495502348,U
2020-03-01,32401,3,2489565322,U
2020-03-01,32402,3,3113391657,U
2020-03-01,32403,3,1120919564,U
2020-03-01,32404,3,2532115803,U
2020-03-01,32405,3,7931925859,U
2020-03-01,32406,3,1716143680,U
2020-03-01,32407,3,798297452,U
2020-03-01,32408,3,728088388,U
2020-03-01,32409,3,1610470844,U
2020-03-01,32410,3,1078944896,U
2020-03-01,32411,3,850153214,U
2020-03-01,32412,3,1518735417,U
2020-03-01,32413,3,1065962987,U
2020-04-01,32401,3,2471469252,U
2020-04-01,32402,3,3213107740,U
2020-04-01,32403,3,1118297590,U
2020-04-01,32404,3,2616083547,U
2020-04-01,32405,3,8034769939,U
2020-04-01,32406,3,1785482556,U
2020-04-01,32407,3,867072983,U
2020-04-01,32408,3,767960419,U
2020-04-01,32409,3,1561802552,U
2020-04-01,32410,3,1159606603,U
2020-04-01,32411,3,930410521,U
2020-04-01,32412,3,1536186009,U
2020-04-01,32413,3,989798352,U
2020-05-01,32401,3,2676631375,U
2020-05-01,32402,3,4236481457,U
2020-05-01,32403,3,1164878484,U
2020-05-01,32404,3,2676746606,U
2020-05-01,32405,3,8492321689,U
2020-05-01,32406,3,1844089018,U
2020-05-01,32407,3,949083781,U
2020-05-01,32408,3,772278405,U
2020-05-01,32409,3,1680567875,U
2020-05-01,32410,3,1238648513,U
2020-05-01,32411,3,957701646,U
2020-05-01,32412,3,1617232441,U
2020-05-01,32413,3,1090026728,U
2020-06-01,32401,3,2876644412,U
2020-06-01,32402,3,4396952338,U
2020-06-01,32403,3,1146173249,U
2020-06-01,32404,3,2761643432,U
2020-06-01,32405,3,8994814439,U
2020-06-01,32406,3,1923416513,U
2020-06-01,32407,3,967524406,U
2020-06-01,32408,3,793298734,U
2020-06-01,32409,3,1737090267,U
2020-06-01,32410,3,1301293318,U
2020-06-01,32411,3,1027951374,U
2020-06-01,32412,3,1683183193,U
2020-06-01,32413,3,1109942225,U
2020-07-01,32401,3,3145816556,U
2020-07-01,32402,3,4688301439,U
2020-07-01,32403,3,1175577731,U
2020-07-01,32404,3,2945008117,U
2020-07-01,32405,3,9805527317,U
2020-07-01,32406,3,2098788726,U
2020-07-01,32407,3,976351059,U
2020-07-01,32408,3,868226123,U
2020-07-01,32409,3,1878684439,U
2020-07-01,32410,3,1355984165,U
2020-07-01,32411,3,1423809595,U
2020-07-01,32412,3,1769650350,U
2020-07-01,32413,3,1209282043,U
2020-08-01,32401,3,3505548469,U
2020-08-01,32402,3,4970071179,U
2020-08-01,32403,3,1281395705,U
2020-08-01,32404,3,3178982491,U
2020-08-01,32405,3,10399939839,U
2020-08-01,32406,3,2228293826,U
2020-08-01,32407,3,1051534122,U
2020-08-01,32408,3,911279167,U
2020-08-01,32409,3,1918632070,U
2020-08-01,32410,3,1393713115,U
2020-08-01,32411,3,1542021748,U
2020-08-01,32412,3,1824886432,U
2020-08-01,32413,3,1263835907,U
2020-09-01,32401,3,3066719636,U
2020-09-01,32402,3,4649015274,U
2020-09-01,32403,3,1295479784,U
2020-09-01,32404,3,3009931012,U
2020-09-01,32405,3,9659096139,U
2020-09-01,32406,3,2108987655,U
2020-09-01,32407,3,1011888103,U
2020-09-01,32408,3,879243652,U
2020-09-01,32409,3,1922282500,U
2020-09-01,32410,3,1374677181,U
2020-09-01,32411,3,1483036161,U
2020-09-01,32412,3,1719998006,U
2020-09-01,32413,3,1239063275,U
2020-10-01,32401,3,2837103389,U
2020-10-01,32402,3,4433470374,U
2020-10-01,32403,3,1239863248,U
2020-10-01,32404,3,2862587209,U
2020-10-01,32405,3,9093057327,U
2020-10-01,32406,3,2040995182,U
2020-10-01,32407,3,982304364,U
2020-10-01,32408,3,833150704,U
2020-10-01,32409,3,1904315094,U
2020-10-01,32410,3,1290425080,U
2020-10-01,32411,3,1497119549,U
2020-10-01,32412,3,1708710274,U
2020-10-01,32413,3,1195912083,U
2020-11-01,32401,3,2769473132,U
2020-11-01,32402,3,4568452526,U
2020-11-01,32403,3,1283336657,U
2020-11-01,32404,3,2943614807,U
2020-11-01,32405,3,9277854139,U
2020-11-01,32406,3,2610727012,U
2020-11-01,32407,3,1000462526,U
2020-11-01,32408,3,884860107,U
2020-11-01,32409,3,1927566457,U
2020-11-01,32410,3,1347293755,U
2020-11-01,32411,3,1585278322,U
2020-11-01,32412,3,1726474650,U
2020-11-01,32413,3,1239867135,U
2020-12-01,32401,3,3094498282,U
2020-12-01,32402,3,4925477819,U
2020-12-01,32403,3,1403285163,U
2020-12-01,32404,3,3227066782,U
2020-12-01,32405,3,9968720003,U
2020-12-01,32406,3,2804503537,U
2020-12-01,32407,3,1067419706,U
2020-12-01,32408,3,951161530,U
2020-12-01,32409,3,1901542650,U
2020-12-01,32410,3,1469230475,U
2020-12-01,32411,3,1720069112,U
2020-12-01,32412,3,1851551818,U
2020-12-01,32413,3,1325057541,U
2021-01-01,32401,3,3143575605,U
2021-01-01,32402,3,4658280032,U
2021-01-01,32403,3,1409013968,U
2021-01-01,32404,3,3103089203,U
2021-01-01,32405,3,9568499745,U
2021-01-01,32406,3,2722071190,U
2021-01-01,32407,3,1054099522,U
2021-01-01,32408,3,1008457871,U
2021-01-01,32409,3,2005170353,U
2021-01-01,32410,3,1434154702,U
2021-01-01,32411,3,1632015768,U
2021-01-01,32412,3,1806405301,U
2021-01-01,32413,3,1308895909,U
2021-02-01,32401,3,2411791954,U
2021-02-01,32402,3,2918222441,U
2021-02-01,32403,3,972508943,U
2021-02-01,32404,3,1844001579,U
2021-02-01,32405,3,6313690347,U
2021-02-01,32406,3,1668898819,U
2021-02-01,32407,3,829748168,U
2021-02-01,32408,3,706763947,U
2021-02-01,32409,3,1418884049,U
2021-02-01,32410,3,940306308,U
2021-02-01,32411,3,959832434,U
2021-02-01,32412,3,1221348773,U
2021-02-01,32413,3,832124249,U
2021-03-01,32401,3,2994556821,U
2021-03-01,32402,3,4781852567,U
2021-03-01,32403,3,1389773840,U
2021-03-01,32404,3,3126009639,U
2021-03-01,32405,3,9653430497,U
2021-03-01,32406,3,2765112992,U
2021-03-01,32407,3,1094191203,U
2021-03-01,32408,3,1087514770,U
2021-03-01,32409,3,2054782552,U
2021-03-01,32410,3,1380105717,U
2021-03-01,32411,3,1635899370,U
2021-03-01,32412,3,1778521034,U
2021-03-01,32413,3,1352547472,U
2021-04-01,32401,3,2841425028,U
2021-04-01,32402,3,4650497749,U
2021-04-01,32403,3,1419872118,U
2021-04-01,32404,3,3083672368,U
2021-04-01,32405,3,9468022228,U
2021-04-01,32406,3,2714373538,U
2021-04-01,32407,3,1049053073,U
2021-04-01,32408,3,1063046928,U
2021-04-01,32409,3,2013953135,U
2021-04-01,32410,3,1340447900,U
2021-04-01,32411,3,1642997069,U
2021-04-01,32412,3,1786174414,U
2021-04-01,32413,3,1319908609,U
2021-05-01,32401,3,3031252634,U
2021-05-01,32402,3,4880214611,U
2021-05-01,32403,3,1421120146,U
2021-05-01,32404,3,3143802400,U
2021-05-01,32405,3,9830421857,U
2021-05-01,32406,3,2771001815,U
2021-05-01,32407,3,1120856170,U
2021-05-01,32408,3,1099918287,U
2021-05-01,32409,3,2137000359,U
2021-05-01,32410,3,1420759004,U
2021-05-01,32411,3,1649671311,U
2021-05-01,32412,3,1844742033,U
2021-05-01,32413,3,1341525511,U
2021-06-01,32401,3,3271362970,U
2021-06-01,32402,3,5012137848,U
2021-06-01,32403,3,1398112204,U
2021-06-01,32404,3,3219921309,U
2021-06-01,32405,3,10125669530,U
2021-06-01,32406,3,2866867054,U
2021-06-01,32407,3,1121077895,U
2021-06-01,32408,3,1119012173,U
2021-06-01,32409,3,2225722264,U
2021-06-01,32410,3,1451033232,U
2021-06-01,32411,3,1665581384,U
2021-06-01,32412,3,1849754440,U
2021-06-01,32413,3,1372350262,U
2021-07-01,32401,3,3578290368,U
2021-07-01,32402,3,5392480702,U
2021-07-01,32403,3,1441798278,U
2021-07-01,32404,3,3489849118,U
2021-07-01,32405,3,11131553600,U
2021-07-01,32406,3,3136586891,U
2021-07-01,32407,3,1210265010,U
2021-07-01,32408,3,1193705532,U
2021-07-01,32409,3,2320853606,U
2021-07-01,32410,3,1557197710,U
2021-07-01,32411,3,1729972547,U
2021-07-01,32412,3,1985252007,U
2021-07-01,32413,3,1432967456,U
2021-08-01,32401,3,3353692549,U
2021-08-01,32402,3,5364650759,U
2021-08-01,32403,3,1411627906,U
2021-08-01,32404,3,3460307861,U
2021-08-01,32405,3,11290408298,U
2021-08-01,32406,3,3184986050,U
2021-08-01,32407,3,1227206925,U
2021-08-01,32408,3,1165449873,U
2021-08-01,32409,3,2437563516,U
2021-08-01,32410,3,1180433803,U
2021-08-01,32411,3,1668769791,U
2021-08-01,32412,3,2054201323,U
2021-08-01,32413,3,1429801169,U
2021-09-01,32401,3,3158531041,U
2021-09-01,32402,3,4789310446,U
2021-09-01,32403,3,1185665359,U
2021-09-01,32404,3,3133948995,U
2021-09-01,32405,3,9555058961,U
2021-09-01,32406,3,2599442504,U
2021-09-01,32407,3,945760923,U
2021-09-01,32408,3,1006703691,U
2021-09-01,32409,3,1689948949,U
2021-09-01,32410,3,1306594439,U
2021-09-01,32411,3,1439978080,U
2021-09-01,32412,3,1626989124,U
2021-09-01,32413,3,1142971387,U
2021-10-01,32401,3,2788551390,U
2021-10-01,32402,3,4477562288,U
2021-10-01,32403,3,1276139705,U
2021-10-01,32404,3,2981274994,U
2021-10-01,32405,3,9603327090,U
2021-10-01,32406,3,2413452407,U
2021-10-01,32407,3,863132764,U
2021-10-01,32408,3,936907306,U
2021-10-01,32409,3,1940377181,U
2021-10-01,32410,3,1355993818,U
2021-10-01,32411,3,1512255364,U
2021-10-01,32412,3,1613497602,U
2021-10-01,32413,3,1226458633,U
2021-11-01,32401,3,2833981153,U
2021-11-01,32402,3,4755310999,U
2021-11-01,32403,3,1502695726,U
2021-11-01,32404,3,3119626612,U
2021-11-01,32405,3,9770748465,U
2021-11-01,32406,3,2713314711,U
2021-11-01,32407,3,1093651952,U
2021-11-01,32408,3,961768881,U
2021-11-01,32409,3,2228654109,U
2021-11-01,32410,3,1443651715,U
2021-11-01,32411,3,1581274256,U
2021-11-01,32412,3,1841739496,U
2021-11-01,32413,3,1366790000,U
2021-12-01,32401,3,3123353846,U
2021-12-01,32402,3,5097928403,U
2021-12-01,32403,3,1511489736,U
2021-12-01,32404,3,3367670785,U
2021-12-01,32405,3,10145572067,U
2021-12-01,32406,3,2887407336,U
2021-12-01,32407,3,1188296622,U
2021-12-01,32408,3,1011874712,U
2021-12-01,32409,3,2334464746,U
2021-12-01,32410,3,1502560308,U
2021-12-01,32411,3,1647179342,U
2021-12-01,32412,3,1933168413,U
2021-12-01,32413,3,1455940859,U
2022-01-01,32401,3,3116856814,U
2022-01-01,32402,3,4341642772,U
2022-01-01,32403,3,1446796329,U
2022-01-01,32404,3,2953700856,U
2022-01-01,32405,3,8919426843,U
2022-01-01,32406,3,2587152454,U
2022-01-01,32407,3,1139102536,U
2022-01-01,32408,3,934152992,U
2022-01-01,32409,3,2073304400,U
2022-01-01,32410,3,1371342555,U
2022-01-01,32411,3,1471086224,U
2022-01-01,32412,3,1710146017,U
2022-01-01,32413,3,1250712279,U
2022-02-01,32401,3,2714991157,U
2022-02-01,32402,3,3647295956,U
2022-02-01,32403,3,1219257557,U
2022-02-01,32404,3,2383337225,U
2022-02-01,32405,3,7444211131,U
2022-02-01,32406,3,2129096857,U
2022-02-01,32407,3,975886444,U
2022-02-01,32408,3,776007388,U
2022-02-01,32409,3,1819268971,U
2022-02-01,32410,3,1130306362,U
2022-02-01,32411,3,1225441330,U
2022-02-01,32412,3,1409626846,U
2022-02-01,32413,3,1047318331,U
2022-03-01,32401,3,2935869549,U
2022-03-01,32402,3,4849303975,U
2022-03-01,32403,3,1541277200,U
2022-03-01,32404,3,3096056315,U
2022-03-01,32405,3,9937282650,U
2022-03-01,32406,3,2946503944,U
2022-03-01,32407,3,1076326155,U
2022-03-01,32408,3,1023608360,U
2022-03-01,32409,3,2245779282,U
2022-03-01,32410,3,1448312884,U
2022-03-01,32411,3,1577888962,U
2022-03-01,32412,3,1918490258,U
2022-03-01,32413,3,1404589595,U
2022-04-01,32401,3,2630849127,U
2022-04-01,32402,3,4166150320,U
2022-04-01,32403,3,1123362671,U
2022-04-01,32404,3,2980795572,U
2022-04-01,32405,3,7543781948,U
2022-04-01,32406,3,2411423125,U
2022-04-01,32407,3,1010466037,U
2022-04-01,32408,3,928511313,U
2022-04-01,32409,3,1791839760,U
2022-04-01,32410,3,1308074034,U
2022-04-01,32411,3,1366331198,U
2022-04-01,32412,3,1600982882,U
2022-04-01,32413,3,1148346849,U
2022-05-01,32401,3,2938977108,U
2022-05-01,32402,3,4149402232,U
2022-05-01,32403,3,1498652014,U
2022-05-01,32404,3,3120570321,U
2022-05-01,32405,3,9318188477,U
2022-05-01,32406,3,2750448153,U
2022-05-01,32407,3,1177679778,U
2022-05-01,32408,3,1083488471,U
2022-05-01,32409,3,2019064515,U
2022-05-01,32410,3,1359615243,U
2022-05-01,32411,3,1489602999,U
2022-05-01,32412,3,1833379552,U
2022-05-01,32413,3,1372125354,U
2019-01-01,32401,4,660681397,U
2019-01-01,32402,4,532497175,U
2019-01-01,32403,4,393472779,U
2019-01-01,32404,4,398570873,U
2019-01-01,32405,4,1033137783,U
2019-01-01,32406,4,373577059,U
2019-01-01,32407,4,181113147,U
2019-01-01,32408,4,202070424,U
2019-01-01,32409,4,280285106,U
2019-01-01,32410,4,333892135,U
2019-01-01,32411,4,205586525,U
2019-01-01,32412,4,243864330,U
2019-01-01,32413,4,182976323,U
2019-02-01,32401,4,628345669,U
2019-02-01,32402,4,376944836,U
2019-02-01,32403,4,335783044,U
2019-02-01,32404,4,276640312,U
2019-02-01,32405,4,746531300,U
2019-02-01,32406,4,276354419,U
2019-02-01,32407,4,153799972,U
2019-02-01,32408,4,160172457,U
2019-02-01,32409,4,246802009,U
2019-02-01,32410,4,271741024,U
2019-02-01,32411,4,155933381,U
2019-02-01,32412,4,192130353,U
2019-02-01,32413,4,142345382,U
2019-03-01,32401,4,755955562,U
2019-03-01,32402,4,474803329,U
2019-03-01,32403,4,352732003,U
2019-03-01,32404,4,341297212,U
2019-03-01,32405,4,893526623,U
2019-03-01,32406,4,333675584,U
2019-03-01,32407,4,131236151,U
2019-03-01,32408,4,153665910,U
2019-03-01,32409,4,236438463,U
2019-03-01,32410,4,288650057,U
2019-03-01,32411,4,175131978,U
2019-03-01,32412,4,204007418,U
2019-03-01,32413,4,140978135,U
2019-04-01,32401,4,447305992,U
2019-04-01,32402,4,425865189,U
2019-04-01,32403,4,339193633,U
2019-04-01,32404,4,308628350,U
2019-04-01,32405,4,797791593,U
2019-04-01,32406,4,304528556,U
2019-04-01,32407,4,115755725,U
2019-04-01,32408,4,131850981,U
2019-04-01,32409,4,189528363,U
2019-04-01,32410,4,238800329,U
2019-04-01,32411,4,161775051,U
2019-04-01,32412,4,199283645,U
2019-04-01,32413,4,129409699,U
2019-05-01,32401,4,478279357,U
2019-05-01,32402,4,461721935,U
2019-05-01,32403,4,387795297,U
2019-05-01,32404,4,327598607,U
2019-05-01,32405,4,816759394,U
2019-05-01,32406,4,305586715,U
2019-05-01,32407,4,122919145,U
2019-05-01,32408,4,144328602,U
2019-05-01,32409,4,200078524,U
2019-05-01,32410,4,264938220,U
2019-05-01,32411,4,178728250,U
2019-05-01,32412,4,204304532,U
2019-05-01,32413,4,138922172,U
2019-06-01,32401,4,576245033,U
2019-06-01,32402,4,457310969,U
2019-06-01,32403,4,398709653,U
2019-06-01,32404,4,326981895,U
2019-06-01,32405,4,947538396,U
2019-06-01,32406,4,320536283,U
2019-06-01,32407,4,120783552,U
2019-06-01,32408,4,153102035,U
2019-06-01,32409,4,192735048,U
2019-06-01,32410,4,283948295,U
2019-06-01,32411,4,164257704,U
2019-06-01,32412,4,196149514,U
2019-06-01,32413,4,140919499,U
2019-07-01,32401,4,754339802,U
2019-07-01,32402,4,587243785,U
2019-07-01,32403,4,434584661,U
2019-07-01,32404,4,408289026,U
2019-07-01,32405,4,1112215667,U
2019-07-01,32406,4,391879868,U
2019-07-01,32407,4,178508394,U
2019-07-01,32408,4,195411076,U
2019-07-01,32409,4,250871307,U
2019-07-01,32410,4,335586541,U
2019-07-01,32411,4,204683905,U
2019-07-01,32412,4,242316233,U
2019-07-01,32413,4,201100092,U
2019-08-01,32401,4,805975875,U
2019-08-01,32402,4,636640848,U
2019-08-01,32403,4,434134672,U
2019-08-01,32404,4,443203446,U
2019-08-01,32405,4,1219034791,U
2019-08-01,32406,4,427648765,U
2019-08-01,32407,4,162090310,U
2019-08-01,32408,4,211690202,U
2019-08-01,32409,4,263988472,U
2019-08-01,32410,4,338740143,U
2019-08-01,32411,4,218421372,U
2019-08-01,32412,4,260924912,U
2019-08-01,32413,4,178740908,U
2019-09-01,32401,4,603200751,U
2019-09-01,32402,4,492659184,U
2019-09-01,32403,4,388586941,U
2019-09-01,32404,4,349176235,U
2019-09-01,32405,4,976492770,U
2019-09-01,32406,4,342939712,U
2019-09-01,32407,4,127517982,U
2019-09-01,32408,4,155134361,U
2019-09-01,32409,4,241296169,U
2019-09-01,32410,4,274976604,U
2019-09-01,32411,4,172830684,U
2019-09-01,32412,4,233003606,U
2019-09-01,32413,4,143247884,U
2019-10-01,32401,4,497972207,U
2019-10-01,32402,4,438505240,U
2019-10-01,32403,4,431742236,U
2019-10-01,32404,4,336852555,U
2019-10-01,32405,4,825208046,U
2019-10-01,32406,4,321913584,U
2019-10-01,32407,4,112316172,U
2019-10-01,32408,4,139131900,U
2019-10-01,32409,4,192266105,U
2019-10-01,32410,4,263536650,U
2019-10-01,32411,4,152836223,U
2019-10-01,32412,4,195646676,U
2019-10-01,32413,4,131931771,U
2019-11-01,32401,4,523335755,U
2019-11-01,32402,4,452444598,U
2019-11-01,32403,4,488501325,U
2019-11-01,32404,4,328529784,U
2019-11-01,32405,4,843320567,U
2019-11-01,32406,4,321360642,U
2019-11-01,32407,4,124915069,U
2019-11-01,32408,4,149765952,U
2019-11-01,32409,4,200937965,U
2019-11-01,32410,4,264162909,U
2019-11-01,32411,4,161792726,U
2019-11-01,32412,4,201521044,U
2019-11-01,32413,4,143896681,U
2019-12-01,32401,4,687947150,U
2019-12-01,32402,4,546508501,U
2019-12-01,32403,4,523701375,U
2019-12-01,32404,4,400627164,U
2019-12-01,32405,4,1045841054,U
2019-12-01,32406,4,384106546,U
2019-12-01,32407,4,168555417,U
2019-12-01,32408,4,196966759,U
2019-12-01,32409,4,257857927,U
2019-12-01,32410,4,285097588,U
2019-12-01,32411,4,202576792,U
2019-12-01,32412,4,246771869,U
2019-12-01,32413,4,182248220,U
2020-01-01,32401,4,641965418,U
2020-01-01,32402,4,432793030,U
2020-01-01,32403,4,428884219,U
2020-01-01,32404,4,314577214,U
2020-01-01,32405,4,859017059,U
2020-01-01,32406,4,308391082,U
2020-01-01,32407,4,156415340,U
2020-01-01,32408,4,181425512,U
2020-01-01,32409,4,228944282,U
2020-01-01,32410,4,237550695,U
2020-01-01,32411,4,165865864,U
2020-01-01,32412,4,204142207,U
2020-01-01,32413,4,160938218,U
2020-02-01,32401,4,346247387,U
2020-02-01,32402,4,215780811,U
2020-02-01,32403,4,211045303,U
2020-02-01,32404,4,151530692,U
2020-02-01,32405,4,445069724,U
2020-02-01,32406,4,167731315,U
2020-02-01,32407,4,78221354,U
2020-02-01,32408,4,86340481,U
2020-02-01,32409,4,131198855,U
2020-02-01,32410,4,122918790,U
2020-02-01,32411,4,84731931,U
2020-02-01,32412,4,102449461,U
2020-02-01,32413,4,82577350,U
2020-03-01,32401,4,461544741,U
2020-03-01,32402,4,418078049,U
2020-03-01,32403,4,412477251,U
2020-03-01,32404,4,309315983,U
2020-03-01,32405,4,780918018,U
2020-03-01,32406,4,296671629,U
2020-03-01,32407,4,117186026,U
2020-03-01,32408,4,128134769,U
2020-03-01,32409,4,192643242,U
2020-03-01,32410,4,203182485,U
2020-03-01,32411,4,152229281,U
2020-03-01,32412,4,191623032,U
2020-03-01,32413,4,132358902,U
2020-04-01,32401,4,470539325,U
2020-04-01,32402,4,439336082,U
2020-04-01,32403,4,412959157,U
2020-04-01,32404,4,330450305,U
2020-04-01,32405,4,807800892,U
2020-04-01,32406,4,309504414,U
2020-04-01,32407,4,123195283,U
2020-04-01,32408,4,133471086,U
2020-04-01,32409,4,195191986,U
2020-04-01,32410,4,207542365,U
2020-04-01,32411,4,166495699,U
2020-04-01,32412,4,199255250,U
2020-04-01,32413,4,133310065,U
2020-05-01,32401,4,551661868,U
2020-05-01,32402,4,520180028,U
2020-05-01,32403,4,456186381,U
2020-05-01,32404,4,339130820,U
2020-05-01,32405,4,889874211,U
2020-05-01,32406,4,321673382,U
2020-05-01,32407,4,130516014,U
2020-05-01,32408,4,146642960,U
2020-05-01,32409,4,207681627,U
2020-05-01,32410,4,220067296,U
2020-05-01,32411,4,164075725,U
2020-05-01,32412,4,210562505,U
2020-05-01,32413,4,141868730,U
2020-06-01,32401,4,664302184,U
2020-06-01,32402,4,585125375,U
2020-06-01,32403,4,445545694,U
2020-06-01,32404,4,377236557,U
2020-06-01,32405,4,1030674795,U
2020-06-01,32406,4,360120344,U
2020-06-01,32407,4,150637592,U
2020-06-01,32408,4,168877857,U
2020-06-01,32409,4,238393460,U
2020-06-01,32410,4,248671576,U
2020-06-01,32411,4,194635462,U
2020-06-01,32412,4,227634657,U
2020-06-01,32413,4,159220461,U
2020-07-01,32401,4,719197915,U
2020-07-01,32402,4,652255815,U
2020-07-01,32403,4,377833462,U
2020-07-01,32404,4,418518544,U
2020-07-01,32405,4,1188526470,U
2020-07-01,32406,4,402717397,U
2020-07-01,32407,4,167224067,U
2020-07-01,32408,4,182502392,U
2020-07-01,32409,4,264012162,U
2020-07-01,32410,4,273460818,U
2020-07-01,32411,4,231723988,U
2020-07-01,32412,4,247148097,U
2020-07-01,32413,4,176298680,U
2020-08-01,32401,4,951196315,U
2020-08-01,32402,4,812536501,U
2020-08-01,32403,4,427107322,U
2020-08-01,32404,4,526290079,U
2020-08-01,32405,4,1492637153,U
2020-08-01,32406,4,519448725,U
2020-08-01,32407,4,213266097,U
2020-08-01,32408,4,242416294,U
2020-08-01,32409,4,344362371,U
2020-08-01,32410,4,352012059,U
2020-08-01,32411,4,302026091,U
2020-08-01,32412,4,311922304,U
2020-08-01,32413,4,228486658,U
2020-09-01,32401,4,690003772,U
2020-09-01,32402,4,612752194,U
2020-09-01,32403,4,379155377,U
2020-09-01,32404,4,397460016,U
2020-09-01,32405,4,1112763679,U
2020-09-01,32406,4,397376354,U
2020-09-01,32407,4,163801586,U
2020-09-01,32408,4,179100106,U
2020-09-01,32409,4,258711014,U
2020-09-01,32410,4,269135355,U
2020-09-01,32411,4,230731016,U
2020-09-01,32412,4,244719123,U
2020-09-01,32413,4,178747326,U
2020-10-01,32401,4,545188547,U
2020-10-01,32402,4,524052232,U
2020-10-01,32403,4,381334301,U
2020-10-01,32404,4,344475086,U
2020-10-01,32405,4,937793721,U
2020-10-01,32406,4,352953153,U
2020-10-01,32407,4,140654290,U
2020-10-01,32408,4,152967029,U
2020-10-01,32409,4,229539689,U
2020-10-01,32410,4,235873831,U
2020-10-01,32411,4,199015724,U
2020-10-01,32412,4,218725541,U
2020-10-01,32413,4,151713495,U
2020-11-01,32401,4,614753112,U
2020-11-01,32402,4,556701167,U
2020-11-01,32403,4,407963817,U
2020-11-01,32404,4,372726394,U
2020-11-01,32405,4,992203390,U
2020-11-01,32406,4,396327560,U
2020-11-01,32407,4,159232805,U
2020-11-01,32408,4,171054610,U
2020-11-01,32409,4,247602295,U
2020-11-01,32410,4,261499430,U
2020-11-01,32411,4,220613647,U
2020-11-01,32412,4,234008359,U
2020-11-01,32413,4,172933327,U
2020-12-01,32401,4,890149614,U
2020-12-01,32402,4,721234908,U
2020-12-01,32403,4,511879143,U
2020-12-01,32404,4,484911635,U
2020-12-01,32405,4,1295267885,U
2020-12-01,32406,4,511814266,U
2020-12-01,32407,4,229540033,U
2020-12-01,32408,4,245319029,U
2020-12-01,32409,4,345251232,U
2020-12-01,32410,4,350628601,U
2020-12-01,32411,4,298086362,U
2020-12-01,32412,4,306309107,U
2020-12-01,32413,4,232254506,U
2021-01-01,32401,4,871406423,U
2021-01-01,32402,4,711914892,U
2021-01-01,32403,4,534330887,U
2021-01-01,32404,4,476535700,U
2021-01-01,32405,4,1288680356,U
2021-01-01,32406,4,523032043,U
2021-01-01,32407,4,245093341,U
2021-01-01,32408,4,252013561,U
2021-01-01,32409,4,522544246,U
2021-01-01,32410,4,350116233,U
2021-01-01,32411,4,293457387,U
2021-01-01,32412,4,309291076,U
2021-01-01,32413,4,239429218,U
2021-02-01,32401,4,498929073,U
2021-02-01,32402,4,395095536,U
2021-02-01,32403,4,268711140,U
2021-02-01,32404,4,254377101,U
2021-02-01,32405,4,745085493,U
2021-02-01,32406,4,295001537,U
2021-02-01,32407,4,153131550,U
2021-02-01,32408,4,146729182,U
2021-02-01,32409,4,67823937,U
2021-02-01,32410,4,192159033,U
2021-02-01,32411,4,150384507,U
2021-02-01,32412,4,174426537,U
2021-02-01,32413,4,134629209,U
2021-03-01,32401,4,693735468,U
2021-03-01,32402,4,632117702,U
2021-03-01,32403,4,447484800,U
2021-03-01,32404,4,413783598,U
2021-03-01,32405,4,1115325031,U
2021-03-01,32406,4,459303537,U
2021-03-01,32407,4,183093641,U
2021-03-01,32408,4,190540956,U
2021-03-01,32409,4,286857895,U
2021-03-01,32410,4,290834233,U
2021-03-01,32411,4,249824512,U
2021-03-01,32412,4,264796626,U
2021-03-01,32413,4,206528621,U
2021-04-01,32401,4,606235324,U
2021-04-01,32402,4,573068387,U
2021-04-01,32403,4,411908112,U
2021-04-01,32404,4,374494342,U
2021-04-01,32405,4,1006660582,U
2021-04-01,32406,4,419145189,U
2021-04-01,32407,4,154281525,U
2021-04-01,32408,4,166556549,U
2021-04-01,32409,4,259189123,U
2021-04-01,32410,4,259390607,U
2021-04-01,32411,4,224444060,U
2021-04-01,32412,4,237316643,U
2021-04-01,32413,4,170243163,U
2021-05-01,32401,4,661178402,U
2021-05-01,32402,4,609220007,U
2021-05-01,32403,4,386737793,U
2021-05-01,32404,4,387731014,U
2021-05-01,32405,4,1090146532,U
2021-05-01,32406,4,432244400,U
2021-05-01,32407,4,156209264,U
2021-05-01,32408,4,172719212,U
2021-05-01,32409,4,277544523,U
2021-05-01,32410,4,288801669,U
2021-05-01,32411,4,229423688,U
2021-05-01,32412,4,253419297,U
2021-05-01,32413,4,206026223,U
2021-06-01,32401,4,835089658,U
2021-06-01,32402,4,710262154,U
2021-06-01,32403,4,471833809,U
2021-06-01,32404,4,448509367,U
2021-06-01,32405,4,1267963591,U
2021-06-01,32406,4,498950313,U
2021-06-01,32407,4,193356813,U
2021-06-01,32408,4,222671101,U
2021-06-01,32409,4,337249143,U
2021-06-01,32410,4,295802867,U
2021-06-01,32411,4,268813924,U
2021-06-01,32412,4,284792800,U
2021-06-01,32413,4,234753648,U
2021-07-01,32401,4,988647824,U
2021-07-01,32402,4,879955406,U
2021-07-01,32403,4,505511716,U
2021-07-01,32404,4,558675135,U
2021-07-01,32405,4,1640723656,U
2021-07-01,32406,4,624315156,U
2021-07-01,32407,4,232438998,U
2021-07-01,32408,4,256652248,U
2021-07-01,32409,4,414132689,U
2021-07-01,32410,4,368344137,U
2021-07-01,32411,4,319563267,U
2021-07-01,32412,4,331228643,U
2021-07-01,32413,4,266612337,U
2021-08-01,32401,4,889107310,U
2021-08-01,32402,4,845229444,U
2021-08-01,32403,4,523567627,U
2021-08-01,32404,4,537169733,U
2021-08-01,32405,4,1610053758,U
2021-08-01,32406,4,623778575,U
2021-08-01,32407,4,221950656,U
2021-08-01,32408,4,237004653,U
2021-08-01,32409,4,414714653,U
2021-08-01,32410,4,243211789,U
2021-08-01,32411,4,305536361,U
2021-08-01,32412,4,322293571,U
2021-08-01,32413,4,322577680,U
2021-09-01,32401,4,877680163,U
2021-09-01,32402,4,781533470,U
2021-09-01,32403,4,410363719,U
2021-09-01,32404,4,500499346,U
2021-09-01,32405,4,1414356913,U
2021-09-01,32406,4,544636465,U
2021-09-01,32407,4,193787844,U
2021-09-01,32408,4,220658272,U
2021-09-01,32409,4,359986001,U
2021-09-01,32410,4,301142143,U
2021-09-01,32411,4,286460322,U
2021-09-01,32412,4,288995318,U
2021-09-01,32413,4,236035168,U
2021-10-01,32401,4,705121159,U
2021-10-01,32402,4,649721646,U
2021-10-01,32403,4,466511938,U
2021-10-01,32404,4,428633725,U
2021-10-01,32405,4,1232881463,U
2021-10-01,32406,4,481288421,U
2021-10-01,32407,4,183613493,U
2021-10-01,32408,4,196368459,U
2021-10-01,32409,4,323131653,U
2021-10-01,32410,4,287177306,U
2021-10-01,32411,4,256097639,U
2021-10-01,32412,4,267400443,U
2021-10-01,32413,4,245205290,U
2021-11-01,32401,4,718154256,U
2021-11-01,32402,4,652280729,U
2021-11-01,32403,4,505185497,U
2021-11-01,32404,4,431254648,U
2021-11-01,32405,4,1211115569,U
2021-11-01,32406,4,488606388,U
2021-11-01,32407,4,199823986,U
2021-11-01,32408,4,212854783,U
2021-11-01,32409,4,341826390,U
2021-11-01,32410,4,293640706,U
2021-11-01,32411,4,260531924,U
2021-11-01,32412,4,286890164,U
2021-11-01,32413,4,268662462,U
2021-12-01,32401,4,915837169,U
2021-12-01,32402,4,783079864,U
2021-12-01,32403,4,590580819,U
2021-12-01,32404,4,533331213,U
2021-12-01,32405,4,1453353845,U
2021-12-01,32406,4,586946224,U
2021-12-01,32407,4,249227510,U
2021-12-01,32408,4,267011210,U
2021-12-01,32409,4,432777533,U
2021-12-01,32410,4,353179294,U
2021-12-01,32411,4,317327747,U
2021-12-01,32412,4,322895729,U
2021-12-01,32413,4,325401481,U
2022-01-01,32401,4,941173440,U
2022-01-01,32402,4,757031141,U
2022-01-01,32403,4,573325146,U
2022-01-01,32404,4,517131954,U
2022-01-01,32405,4,1418440064,U
2022-01-01,32406,4,558234140,U
2022-01-01,32407,4,283535338,U
2022-01-01,32408,4,281817869,U
2022-01-01,32409,4,449328475,U
2022-01-01,32410,4,370278850,U
2022-01-01,32411,4,305224341,U
2022-01-01,32412,4,329294946,U
2022-01-01,32413,4,326554961,U
2022-02-01,32401,4,771259179,U
2022-02-01,32402,4,634830315,U
2022-02-01,32403,4,467614720,U
2022-02-01,32404,4,436624797,U
2022-02-01,32405,4,1124070270,U
2022-02-01,32406,4,471834752,U
2022-02-01,32407,4,224299671,U
2022-02-01,32408,4,227961045,U
2022-02-01,32409,4,375754520,U
2022-02-01,32410,4,301081633,U
2022-02-01,32411,4,250607434,U
2022-02-01,32412,4,275290959,U
2022-02-01,32413,4,271699932,U
2022-03-01,32401,4,727056823,U
2022-03-01,32402,4,721808672,U
2022-03-01,32403,4,485514998,U
2022-03-01,32404,4,460484527,U
2022-03-01,32405,4,1280339119,U
2022-03-01,32406,4,561438363,U
2022-03-01,32407,4,164267475,U
2022-03-01,32408,4,223014772,U
2022-03-01,32409,4,378388067,U
2022-03-01,32410,4,320937375,U
2022-03-01,32411,4,271555127,U
2022-03-01,32412,4,300071041,U
2022-03-01,32413,4,307644024,U
2022-04-01,32401,4,660231491,U
2022-04-01,32402,4,604172233,U
2022-04-01,32403,4,389885582,U
2022-04-01,32404,4,447977526,U
2022-04-01,32405,4,935725806,U
2022-04-01,32406,4,431478797,U
2022-04-01,32407,4,158521011,U
2022-04-01,32408,4,190970500,U
2022-04-01,32409,4,339936103,U
2022-04-01,32410,4,281874201,U
2022-04-01,32411,4,225374673,U
2022-04-01,32412,4,244120807,U
2022-04-01,32413,4,256788665,U
2022-05-01,32401,4,744310658,U
2022-05-01,32402,4,653378474,U
2022-05-01,32403,4,562171586,U
2022-05-01,32404,4,485263585,U
2022-05-01,32405,4,1242396604,U
2022-05-01,32406,4,523969881,U
2022-05-01,32407,4,198336477,U
2022-05-01,32408,4,218109456,U
2022-05-01,32409,4,360399194,U
2022-05-01,32410,4,306739685,U
2022-05-01,32411,4,257223490,U
2022-05-01,32412,4,298352802,U
2022-05-01,32413,4,310262039,U
